<?xml version="1.0" encoding="UTF-8"?><rss version="2.0"
	xmlns:content="http://purl.org/rss/1.0/modules/content/"
	xmlns:wfw="http://wellformedweb.org/CommentAPI/"
	xmlns:dc="http://purl.org/dc/elements/1.1/"
	xmlns:atom="http://www.w3.org/2005/Atom"
	xmlns:sy="http://purl.org/rss/1.0/modules/syndication/"
	xmlns:slash="http://purl.org/rss/1.0/modules/slash/"
	>

<channel>
	<title>Meilleurs Buts de Football 2002</title>
	<atom:link href="/https://makalu2008.github.io/makalu-2008/feed/" rel="self" type="application/rss+xml" />
	<link>/https://makalu2008.github.io/makalu-2008/</link>
	<description></description>
	<lastBuildDate>Thu, 01 Dec 2016 15:06:04 +0000</lastBuildDate>
	<language>fr-FR</language>
	<sy:updatePeriod>hourly</sy:updatePeriod>
	<sy:updateFrequency>1</sy:updateFrequency>
	
	<item>
		<title>Les notions de base pour réussir la peinture acrylique</title>
		<link>/https://makalu2008.github.io/makalu-2008/notions-de-base-reussir-peinture-acrylique/</link>
		<pubDate>Thu, 01 Dec 2016 15:06:04 +0000</pubDate>
		<dc:creator><![CDATA[Janis Potter]]></dc:creator>
				<category><![CDATA[Uncategorized]]></category>

		<guid isPermaLink="false">/https://makalu2008.github.io/makalu-2008/?p=28</guid>
		<description><![CDATA[<p>Cet article <a rel="nofollow" href="/https://makalu2008.github.io/makalu-2008/notions-de-base-reussir-peinture-acrylique/">Les notions de base pour réussir la peinture acrylique</a> est apparu en premier sur <a href="/https://makalu2008.github.io/makalu-2008/">/https://makalu2008.github.io/makalu-2008/</a></p>
<p>La peinture acrylique est un art qui nécessite la maîtrise des notions de base. Glacis, gras sur maigre et alla prima, autant de techniques qu’il faut maîtriser. La règle de base est d’appliquer une peinture de plus en plus riche en gras pour éviter que le tableau s’écaille avec le temps. Pour savoir dans les détails ces techniques,...</p>
]]></description>
				<content:encoded><![CDATA[<p>Cet article <a rel="nofollow" href="/https://makalu2008.github.io/makalu-2008/notions-de-base-reussir-peinture-acrylique/">Les notions de base pour réussir la peinture acrylique</a> est apparu en premier sur <a href="/https://makalu2008.github.io/makalu-2008/">/https://makalu2008.github.io/makalu-2008/</a></p>
<p style="text-align: justify;">La peinture acrylique est un art qui nécessite la maîtrise des notions de base. Glacis, gras sur maigre et alla prima, autant de techniques qu’il faut maîtriser. La règle de base est d’appliquer une peinture de plus en plus riche en gras pour éviter que le tableau s’écaille avec le temps. Pour savoir dans les détails ces techniques, s’inscrire à un cours de peinture acrylique est très conseillé. On utilise en premier des peintures très diluées au médium pour les premières couches et terminer le travail avec la peinture telle qu’elle sort du tube. Parmi les notions qu’il faut maîtriser en peinture à l’huile, il y a l’application de glacis, la technique « alla prima », la pratique du fondu, la création des empâtements et le grattage des couleurs.</p>
<p style="text-align: center;"><img class="alignnone size-medium wp-image-29" src="/https://makalu2008.github.io/makalu-2008/wp-content/uploads/acrylique-1-300x145.jpg" alt="" width="300" height="145" srcset="/https://makalu2008.github.io/makalu-2008/wp-content/uploads/acrylique-1-300x145.jpg 300w, /https://makalu2008.github.io/makalu-2008/wp-content/uploads/acrylique-1.jpg 322w" sizes="(max-width: 300px) 100vw, 300px" /></p>
<p style="text-align: justify;">Le glacis est une couche fine et transparente de couleur appliquée au-dessus d’une couche sèche. Cette technique qui s’apprend en cours de <a href="https://www.coursbeauxarts.fr/13-cours-de-peinture-acrylique-en-ligne">peinture acrylique</a>, est très populaire et nécessaire pour donner de l’éclat à la couleur sous-jacente. Il est recommandé dans les cours de peinture acrylique de mélanger les couleurs sur la palette pour donner des teintes bien plus lumineuses et profondes au tableau. Pour préparer le glacis, il convient de diluer la couleur avec beaucoup de médium. Le mieux est de verser peu de couleur dans un récipient de médium. Ce mélange composé d’essence de térébenthine et d’huile de lin va adoucir la teinte de la couleur. Le but est de diluer la couleur tout en conservant sa transparence. En chaque couche, il faut un temps de séchage et une augmentation de la proportion d’huile de lin.</p>
<p style="text-align: justify;">La <a href="http://techniquedepeinture.com/realiser-un-portrait-rapidement-alla-prima/">technique « alla prima »</a> est une application rapide de peinture que le peintre doit réaliser en une seule séance. Cela implique la maîtrise de la technique du mouillé sur mouillé pour appliquer une nouvelle couche sur une précédente couche encore fraîche. Certes, cette technique n’est pas très facile à maîtriser, mais elle s’assimile avec la pratique. La technique « alla prima » est adaptée pour la peinture en extérieur ou avec modèle, car elle permet de travailler rapidement tout en conférant de la fraîcheur aux coloris. Avec la technique « alla prima », il apporte une texture plus vivante.</p>
<p style="text-align: center;"><img class="alignnone size-full wp-image-30" src="/https://makalu2008.github.io/makalu-2008/wp-content/uploads/acrylique-2.jpg" alt="" width="262" height="192" /></p>
<p style="text-align: justify;">Le fondu est une technique par laquelle on essaie de rapprocher les couleurs pour éviter les contours trop nets. La technique de fondu est largement utilisée en <a href="https://www.coursbeauxarts.fr/">cours d&rsquo;art en ligne</a> de peinture à l’huile pour présenter les dégradés des ombres. On utilise généralement les doigts pour réaliser un fondu même si certains peintres utilisent des pinceaux. La technique des empâtements consiste à appliquer une couche de peintures suffisamment épaisses pour garder l’empreinte de la brosse. Dans certains cours de peinture huile, on apprend à utiliser la peinture du tube en le pressant directement sur le tableau.</p>
<p style="text-align: justify;">Le grattage de couleurs est une technique utilisée pour retirer la couche supérieure par raclage pour laisser apparaître les couches inférieures de peinture. Le manche d’un pinceau ou la pointe d’un couteau fait largement l’affaire dans cette technique de retouche. Le grattage de couleurs est aussi intéressant pour apporter une touche originale au tableau.</p>
]]></content:encoded>
			</item>
		<item>
		<title>Cage de foot en uPVC</title>
		<link>/https://makalu2008.github.io/makalu-2008/cage-de-foot-upvc/</link>
		<pubDate>Sat, 09 Jul 2016 18:03:17 +0000</pubDate>
		<dc:creator><![CDATA[Janis Potter]]></dc:creator>
				<category><![CDATA[Uncategorized]]></category>

		<guid isPermaLink="false">/https://makalu2008.github.io/makalu-2008/?p=22</guid>
		<description><![CDATA[<p>Cet article <a rel="nofollow" href="/https://makalu2008.github.io/makalu-2008/cage-de-foot-upvc/">Cage de foot en uPVC</a> est apparu en premier sur <a href="/https://makalu2008.github.io/makalu-2008/">/https://makalu2008.github.io/makalu-2008/</a></p>
<p>La mini cage de football est un matériel indispensable pour jouer au foot. Comme le but de foot règlementaire nécessite un grand espace pour jouer, le mini but de foot est devenu la solution pour jouer partout. Certains modèles sont démontables et pliables pour qu’on puisse l’emmener partout. On peut ainsi jouer dans le jardin, sur une aire...</p>
]]></description>
				<content:encoded><![CDATA[<p>Cet article <a rel="nofollow" href="/https://makalu2008.github.io/makalu-2008/cage-de-foot-upvc/">Cage de foot en uPVC</a> est apparu en premier sur <a href="/https://makalu2008.github.io/makalu-2008/">/https://makalu2008.github.io/makalu-2008/</a></p>
<p style="text-align: justify;">La mini cage de football est un matériel indispensable pour jouer au foot. Comme le but de foot règlementaire nécessite un grand espace pour jouer, le <a href="http://www.quickplaysport.fr/cage-but-mini-but-football">mini but de foot</a> est devenu la solution pour jouer partout. Certains modèles sont démontables et pliables pour qu’on puisse l’emmener partout. On peut ainsi jouer dans le jardin, sur une aire de jeu public ou sur la plage et tout remballer facilement lorsqu’on doit quitter le lieu.</p>
<p style="text-align: center;"><img class="alignnone size-full wp-image-23" src="/https://makalu2008.github.io/makalu-2008/wp-content/uploads/mini-but-de-foot.jpg" alt="mini but de foot" width="185" height="185" srcset="/https://makalu2008.github.io/makalu-2008/wp-content/uploads/mini-but-de-foot.jpg 185w, /https://makalu2008.github.io/makalu-2008/wp-content/uploads/mini-but-de-foot-150x150.jpg 150w" sizes="(max-width: 185px) 100vw, 185px" /></p>
<p style="text-align: justify;">Plusieurs matériaux sont utilisés dans la fabrication des mini buts, on trouve des modèles en aluminium, en acier tubulaire galvanisé, en plastique rigide et en uPVC. Si les trois premiers matériaux sont déjà connus pour leur rigidité et leur grande résistance aux intempéries, l’uPVC est un matériau de nouvelle génération qui commence à se faire une réputation sur le marché des mini cages de football. En effet, les buts en uPVC font partie des produits phares du moment. Le matériau uPVC est un dérivé du PVC, mais il ne contient pas de plastique. Il est ainsi beaucoup plus solide et résistant par rapport à une cage de foot en PVC classique. Ce matériau se démarque aussi du PVC étant 100% recyclable. Le mini but de foot en uPVC est très facile à entretenir, un léger passage de chiffon suffit pour le nettoyer et se débarrasser des traces de terre ou de l&rsquo;humidité.</p>
<p style="text-align: center;"><iframe src="https://www.youtube.com/embed/Cn0QSibqDEc" width="560" height="315" frameborder="0" allowfullscreen="allowfullscreen"></iframe></p>
<p style="text-align: justify;">On peut ainsi laisser un mini but de foot, comme le <span data-sheets-value="{&quot;1&quot;:2,&quot;2&quot;:&quot;but de foot kickster moyen&quot;}" data-sheets-userformat="{&quot;2&quot;:513,&quot;3&quot;:{&quot;1&quot;:0},&quot;12&quot;:0}"><a href="http://www.quickplaysport.fr/cage-but-mini-but-football/kickster-academy-moyen.html">but de foot kickster moyen</a>, </span> à l’extérieur ou dans le jardin par tous les temps sans risque d’abimer le cadre. Il est cependant recommandé d’enlever le filet lorsqu’on décide de laisser dehors le but de manière permanente. Les mini buts de football sont élaborés de manière à ce que tous les joueurs de tous les niveaux confondus puissent les utiliser, que ce soit lors d’une séance de tir au but ou un match à 5 ou 7 joueurs. Le mini but en uPVC est idéal pour jouer dans un jardin ou sur la plage, avec la possibilité de le démonter après avoir joué. Il est aussi utilisé par les <a href="http://www.ucpf.fr/fr/Accueil/0/Accueil">centres de formation de clubs professionnels</a> pour les entrainements à effectifs réduits ou pour les séances de tir sans gardien.</p>
]]></content:encoded>
			</item>
		<item>
		<title>2002 TOP 10 but Football</title>
		<link>/https://makalu2008.github.io/makalu-2008/2002-top-10-but-football/</link>
		<pubDate>Mon, 20 Jun 2016 22:52:36 +0000</pubDate>
		<dc:creator><![CDATA[Janis Potter]]></dc:creator>
				<category><![CDATA[Uncategorized]]></category>

		<guid isPermaLink="false">/https://makalu2008.github.io/makalu-2008/?p=9</guid>
		<description><![CDATA[<p>Cet article <a rel="nofollow" href="/https://makalu2008.github.io/makalu-2008/2002-top-10-but-football/">2002 TOP 10 but Football</a> est apparu en premier sur <a href="/https://makalu2008.github.io/makalu-2008/">/https://makalu2008.github.io/makalu-2008/</a></p>
]]></description>
				<content:encoded><![CDATA[<p>Cet article <a rel="nofollow" href="/https://makalu2008.github.io/makalu-2008/2002-top-10-but-football/">2002 TOP 10 but Football</a> est apparu en premier sur <a href="/https://makalu2008.github.io/makalu-2008/">/https://makalu2008.github.io/makalu-2008/</a></p>
<p><iframe src="https://www.youtube.com/embed/dlOWlxY-ObQ" width="420" height="315" frameborder="0" allowfullscreen="allowfullscreen"></iframe></p>
]]></content:encoded>
			</item>
	</channel>
</rss>
