<?xml version="1.0" encoding="UTF-8"?><rss version="2.0"
	xmlns:content="http://purl.org/rss/1.0/modules/content/"
	xmlns:dc="http://purl.org/dc/elements/1.1/"
	xmlns:atom="http://www.w3.org/2005/Atom"
	xmlns:sy="http://purl.org/rss/1.0/modules/syndication/"
	
	>
<channel>
	<title>Commentaires pour Meilleurs Buts de Football 2002</title>
	<atom:link href="/makalu-2008/comments/feed/" rel="self" type="application/rss+xml" />
	<link>/makalu-2008/</link>
	<description></description>
	<lastBuildDate>Tue, 14 Feb 2017 20:53:20 +0000</lastBuildDate>
	<sy:updatePeriod>hourly</sy:updatePeriod>
	<sy:updateFrequency>1</sy:updateFrequency>
	
</channel>
</rss>
